Number,Title,URL,Word Count,Category,Issues
1,"The One-Sentence Rule: If You Can't Pitch It in 10 Seconds, You Can't Pitch It",https://csuitemagazine.global/category/innovation/one-sentence-rule-pitch-idea-stick,162,innovation,"Generic/no author; Missing/short excerpt; Short article (162 words)"
2,"The Asynchronous Enterprise: Why Meetings are the Enemy of Scale",https://csuitemagazine.global/category/leadership/asynchronous-enterprise-meetings-enemy-scale,150,leadership,"Generic/no author; Missing/short excerpt; Short article (150 words)"
3,"Zero-Based Budgeting for Growth: Why You Should Fire Your Previous Year's P&L",https://csuitemagazine.global/category/innovation/zero-based-budgeting-growth-fire-previous-year-pnl,162,innovation,"Generic/no author; Missing/short excerpt; Short article (162 words)"
4,"Cloud Sovereignty: Why Your Data Strategy is Your Geopolitical Strategy",https://csuitemagazine.global/category/science-technology/cloud-sovereignty-data-strategy-geopolitical-strategy,158,science-technology,"Generic/no author; Missing/short excerpt; Short article (158 words)"
5,"The Scalable Startup Mindset: How Enterprises Can Innovate Like Day One",https://csuitemagazine.global/category/science-technology/scalable-startup-mindset-enterprises-innovate-day-one,157,science-technology,"Generic/no author; Missing/short excerpt; Short article (157 words)"
6,"Marketing in the Age of Skepticism: Why Trust is the Only Conversion Metric",https://csuitemagazine.global/category/innovation/marketing-age-of-skepticism-trust-conversion-metric,169,innovation,"Generic/no author; Missing/short excerpt; Short article (169 words)"
7,"The Cash Flow Trap: Why Profitable Companies Die on the Books",https://csuitemagazine.global/category/innovation/cash-flow-trap-profitable-companies-die-books,182,innovation,"Generic/no author; Missing/short excerpt; Short article (182 words)"
8,"Internal Comms IS Your Strategy: Why the 'Nervous System' of Your Enterprise is Failing",https://csuitemagazine.global/category/leadership/internal-comms-strategy-nervous-system-failing,158,leadership,"Generic/no author; Missing/short excerpt; Short article (158 words)"
9,"Closing the Innovation Gap: Why Diversity in STEM is a CEO Priority",https://csuitemagazine.global/category/science-technology/closing-innovation-gap-diversity-stem-ceo-priority,185,science-technology,"Generic/no author; Missing/short excerpt; Short article (185 words)"
10,"Wellness as a Retention Strategy: Why Your Top Talent is Burned Out",https://csuitemagazine.global/category/innovation/wellness-retention-strategy-top-talent-burned-out,225,innovation,"Generic/no author; Missing/short excerpt; Short article (225 words)"
11,"The Founder-Brand Paradox: When to Step Forward and When to Step Back",https://csuitemagazine.global/category/leadership/founder-brand-paradox-step-forward-back,214,leadership,"Generic/no author; Missing/short excerpt; Short article (214 words)"
12,"Crisis Proof: Building Brand Equity Before the Storm Hits",https://csuitemagazine.global/category/leadership/crisis-proof-building-brand-equity,194,leadership,"Generic/no author; Missing/short excerpt; Short article (194 words)"
13,"The CMO's Dilemma: Why 'Awareness' is a Vanity Metric",https://csuitemagazine.global/category/innovation/cmo-dilemma-awareness-vanity-metric,260,innovation,"Generic/no author; Missing/short excerpt; Short article (260 words)"
14,"Stop Hiring for Busy: The Difference Between Activity and Impact",https://csuitemagazine.global/category/leadership/stop-hiring-for-busy-difference-activity-impact,264,leadership,"Generic/no author; Missing/short excerpt; Short article (264 words)"
15,"The 'No-Code' C-Suite: Agility without Engineering Dependencies",https://csuitemagazine.global/category/science-technology/no-code-c-suite-agility-without-engineering,247,science-technology,"Generic/no author; Missing/short excerpt; Short article (247 words)"
16,"Decoupling Growth from Headcount: The New Unit Economics",https://csuitemagazine.global/category/innovation/decoupling-growth-from-headcount-new-unit-economics,264,innovation,"Generic/no author; Missing/short excerpt; Short article (264 words)"
17,"The Automatable Enterprise: Why 40% of Your Workforce is Doing Robot Work",https://csuitemagazine.global/category/science-technology/automatable-enterprise-workforce-robot-work,274,science-technology,"Generic/no author; Missing/short excerpt; Short article (274 words)"
18,"Data without Soul: The Fatal Flaw in Modern Executive Presentations",https://csuitemagazine.global/category/leadership/data-without-soul-fatal-flaw-executive-presentations,275,leadership,"Generic/no author; Missing/short excerpt; Short article (275 words)"
19,"The 3-Act Structure of Persuasion: Selling Innovation to the Board",https://csuitemagazine.global/category/leadership/three-act-structure-persuasion-selling-innovation,295,leadership,"Generic/no author; Missing/short excerpt; Short article (295 words)"
20,"The Narrative Gap: Why Your Strategy is Failing to Land",https://csuitemagazine.global/category/leadership/narrative-gap-why-strategy-fails-to-land,334,leadership,"Generic/no author; Missing/short excerpt; Short article (334 words)"
21,"The CEO’s Dilemma: Balancing Hyper-Growth with Human-Centric Leadership",https://csuitemagazine.global/category/leadership/ceos-dilemma-balancing-hyper-growth-human-centric-leadership,352,leadership,"Generic/no author; Missing/short excerpt; Short article (352 words)"
22,"The Cultural Moat: Why Psychological Safety is the Ultimate Competitive Advantage",https://csuitemagazine.global/category/leadership/cultural-moat-psychological-safety-competitive-advantage,324,leadership,"Generic/no author; Missing/short excerpt; Short article (324 words)"
23,"Leading Through Crisis: The Case for Trauma-Informed Management",https://csuitemagazine.global/category/leadership/leading-through-crisis-case-trauma-informed-management,293,leadership,"Generic/no author; Missing/short excerpt; Short article (293 words)"
24,"Silent Sabotage: 3 Habits Killing Your Leadership Influence",https://csuitemagazine.global/category/leadership/silent-sabotage-3-habits-killing-your-leadership-influence,255,leadership,"Generic/no author; Missing/short excerpt; Short article (255 words)"
25,"The New Liability: How AI Redefines Corporate Accountability",https://csuitemagazine.global/category/science-technology/new-liability-ai-redefines-corporate-accountability,396,science-technology,"Generic/no author; Missing/short excerpt; Short article (396 words)"
26,"Work Smarter Not Longer: 5 Tactics to Reclaim Your Time",https://csuitemagazine.global/category/innovation/work-smarter-not-longer-5-tactics-reclaim-time,338,innovation,"Generic/no author; Missing/short excerpt; Short article (338 words)"
27,"The Public Renegade: 5 PR Rules from Elon Musk",https://csuitemagazine.global/category/innovation/public-renegade-5-pr-rules-elon-musk,359,innovation,"Generic/no author; Missing/short excerpt; Short article (359 words)"
28,"Blueprints for Billions: 5 Entrepreneurial Lessons from Jeff Bezos",https://csuitemagazine.global/category/innovation/blueprints-for-billions-5-entrepreneurial-lessons-jeff-bezos,419,innovation,"Generic/no author; Missing/short excerpt; Short article (419 words)"
29,"Beyond the Resume: The 5 Core Traits of True Entrepreneurship",https://csuitemagazine.global/category/innovation/beyond-resume-5-core-traits-true-entrepreneurship,379,innovation,"Generic/no author; Missing/short excerpt; Short article (379 words)"
30,"Reclaiming the Driver's Seat: Managing Difficult Employee Archetypes",https://csuitemagazine.global/category/leadership/reclaiming-drivers-seat-managing-difficult-employee-archetypes,309,leadership,"Generic/no author; Missing/short excerpt; Short article (309 words)"
31,"Scaling Up Without Burning Out: A Guide for Growth",https://csuitemagazine.global/category/innovation/scaling-up-without-burning-out-guide-growth,312,innovation,"Generic/no author; Missing/short excerpt; Short article (312 words)"
32,"The Myth of the Happy Entrepreneur: Fact or Fiction?",https://csuitemagazine.global/category/leadership/myth-of-happy-entrepreneur-fact-or-fiction,457,leadership,"Generic/no author; Missing/short excerpt; Short article (457 words)"